{"nm":"bg_06","ddd":0,"h":1920,"w":1080,"meta":{"g":"@lottiefiles/toolkit-js 0.26.1"},"layers":[{"ty":4,"nm":"Shape Layer 5","sr":1,"st":0,"op":600,"ip":0,"hd":false,"ddd":0,"bm":0,"hasMask":false,"ao":0,"ks":{"a":{"a":0,"k":[0,0,0],"ix":1},"s":{"a":0,"k":[37.8,36.29,100],"ix":6},"sk":{"a":0,"k":0},"p":{"a":0,"k":[172.8,325.53,0],"ix":2},"r":{"a":0,"k":0,"ix":10},"sa":{"a":0,"k":0},"o":{"a":0,"k":100,"ix":11}},"ef":[],"shapes":[{"ty":"gr","bm":0,"hd":false,"mn":"ADBE Vector Group","nm":"Rectangle 1","ix":1,"cix":2,"np":3,"it":[{"ty":"rc","bm":0,"hd":false,"mn":"ADBE Vector Shape - Rect","nm":"Rectangle Path 1","d":1,"p":{"a":0,"k":[0,0],"ix":3},"r":{"a":0,"k":0,"ix":4},"s":{"a":0,"k":[6172.719,6172.719],"ix":2}},{"ty":"gs","bm":0,"hd":false,"mn":"ADBE Vector Graphic - G-Stroke","nm":"Gradient Stroke 1","e":{"a":0,"k":[-4152.683,-2204.351],"ix":5},"g":{"p":3,"k":{"a":0,"k":[0.001,0.8,0.27450980392156865,0.21568627450980393,0.5,0.44313725490196076,0.24313725490196078,0.3607843137254902,1,0.09019607843137255,0.21176470588235294,0.5058823529411764],"ix":8}},"t":1,"a":{"a":0,"k":0},"h":{"a":0,"k":0},"s":{"a":0,"k":[3496.579,3401.11],"ix":4},"lc":1,"lj":1,"ml":4,"o":{"a":0,"k":100,"ix":9},"w":{"a":0,"k":350,"ix":10}},{"ty":"tr","a":{"a":0,"k":[0,0],"ix":1},"s":{"a":0,"k":[100,100],"ix":3},"sk":{"a":0,"k":0,"ix":4},"p":{"a":0,"k":[-385.516,1000],"ix":2},"r":{"a":1,"k":[{"o":{"x":0.167,"y":0.167},"i":{"x":0.833,"y":0.833},"s":[45],"t":0},{"s":[405],"t":599}],"ix":6},"sa":{"a":0,"k":0,"ix":5},"o":{"a":0,"k":100,"ix":7}}]},{"ty":"rp","bm":0,"hd":false,"mn":"ADBE Vector Filter - Repeater","nm":"Repeater 1","ix":2,"m":1,"c":{"a":0,"k":60,"ix":1},"o":{"a":0,"k":0,"ix":2},"tr":{"a":{"a":0,"k":[0,0],"ix":1},"s":{"a":0,"k":[100,100],"ix":3},"sk":{"a":0,"k":0},"p":{"a":0,"k":[0,178],"ix":2},"r":{"a":0,"k":3,"ix":4},"sa":{"a":0,"k":0},"so":{"a":0,"k":100,"ix":5},"eo":{"a":0,"k":100,"ix":6}}}],"ind":1},{"ty":4,"nm":"Shape Layer 4","sr":1,"st":0,"op":600,"ip":0,"hd":false,"ddd":0,"bm":0,"hasMask":false,"ao":0,"ks":{"a":{"a":0,"k":[0,0,0],"ix":1},"s":{"a":0,"k":[162.54,156.03,100],"ix":6},"sk":{"a":0,"k":0},"p":{"a":0,"k":[743.04,1221.25,0],"ix":2},"r":{"a":0,"k":0,"ix":10},"sa":{"a":0,"k":0},"o":{"a":0,"k":100,"ix":11}},"ef":[],"shapes":[{"ty":"gr","bm":0,"hd":false,"mn":"ADBE Vector Group","nm":"Rectangle 1","ix":1,"cix":2,"np":2,"it":[{"ty":"rc","bm":0,"hd":false,"mn":"ADBE Vector Shape - Rect","nm":"Rectangle Path 1","d":1,"p":{"a":0,"k":[0,0],"ix":3},"r":{"a":0,"k":0,"ix":4},"s":{"a":0,"k":[2110.578,3793.188],"ix":2}},{"ty":"gf","bm":0,"hd":false,"mn":"ADBE Vector Graphic - G-Fill","nm":"Gradient Fill 1","e":{"a":0,"k":[11.469,-1978.703],"ix":6},"g":{"p":3,"k":{"a":0,"k":[0,0.09019607843137255,0.09019607843137255,0.21176470588235294,0.5,0.09019607843137255,0.17254901960784313,0.40784313725490196,1,0.09019607843137255,0.25098039215686274,0.6039215686274509],"ix":9}},"t":1,"a":{"a":0,"k":0},"h":{"a":0,"k":0},"s":{"a":0,"k":[41.078,1896.344],"ix":5},"r":1,"o":{"a":0,"k":100,"ix":10}},{"ty":"tr","a":{"a":0,"k":[0,0],"ix":1},"s":{"a":0,"k":[100,100],"ix":3},"sk":{"a":0,"k":0,"ix":4},"p":{"a":0,"k":[11.289,16.594],"ix":2},"r":{"a":0,"k":0,"ix":6},"sa":{"a":0,"k":0,"ix":5},"o":{"a":0,"k":100,"ix":7}}]}],"ind":2}],"v":"5.1.11","fr":25,"op":600,"ip":0,"assets":[]}