{"v":"5.5.7","meta":{"g":"LottieFiles AE 0.1.20","a":"","k":"","d":"","tc":""},"fr":60,"ip":0,"op":151,"w":1080,"h":1080,"nm":"DONKEY_FINAL","ddd":0,"assets":[{"id":"comp_0","layers":[{"ddd":0,"ind":1,"ty":4,"nm":"UPPERARM","sr":1,"ks":{"o":{"a":0,"k":100,"ix":11},"r":{"a":0,"k":-66,"ix":10},"p":{"a":0,"k":[481.558,504.887,0],"ix":2},"a":{"a":0,"k":[-126.294,81.562,0],"ix":1},"s":{"a":0,"k":[82,82,100],"ix":6}},"ao":0,"shapes":[{"ty":"gr","it":[{"ty":"rc","d":1,"s":{"a":0,"k":[101.411,41.123],"ix":2},"p":{"a":0,"k":[0,0],"ix":3},"r":{"a":0,"k":20,"ix":4},"nm":"Rectangle Path 1","mn":"ADBE Vector Shape - Rect","hd":false},{"ty":"fl","c":{"a":0,"k":[0.850980401039,0.211764708161,0.211764708161,1],"ix":4},"o":{"a":0,"k":100,"ix":5},"r":1,"bm":0,"nm":"Fill 1","mn":"ADBE Vector Graphic - Fill","hd":false},{"ty":"tr","p":{"a":0,"k":[-162.294,81.562],"ix":2},"a":{"a":0,"k":[0,0],"ix":1},"s":{"a":0,"k":[100,100],"ix":3},"r":{"a":0,"k":0,"ix":6},"o":{"a":0,"k":100,"ix":7},"sk":{"a":0,"k":0,"ix":4},"sa":{"a":0,"k":0,"ix":5},"nm":"Transform"}],"nm":"Rectangle 1","np":2,"cix":2,"bm":0,"ix":1,"mn":"ADBE Vector Group","hd":false}],"ip":0,"op":181,"st":0,"bm":0},{"ddd":0,"ind":2,"ty":4,"nm":"FOREARM+HAND","sr":1,"ks":{"o":{"a":0,"k":100,"ix":11},"r":{"a":1,"k":[{"i":{"x":[0.2],"y":[1]},"o":{"x":[0.6],"y":[0]},"t":0,"s":[-117.9]},{"i":{"x":[0.2],"y":[1]},"o":{"x":[0.6],"y":[0]},"t":25,"s":[-125]},{"i":{"x":[0.2],"y":[1]},"o":{"x":[0.6],"y":[0]},"t":50,"s":[-117.9]},{"i":{"x":[0.2],"y":[1]},"o":{"x":[0.6],"y":[0]},"t":75,"s":[-125]},{"i":{"x":[0.2],"y":[1]},"o":{"x":[0.6],"y":[0]},"t":100,"s":[-117.9]},{"i":{"x":[0.2],"y":[1]},"o":{"x":[0.6],"y":[0]},"t":125,"s":[-125]},{"t":150,"s":[-117.9]}],"ix":10},"p":{"a":0,"k":[459.876,556.101,0],"ix":2},"a":{"a":0,"k":[-131.794,81.557,0],"ix":1},"s":{"a":0,"k":[82,82,100],"ix":6}},"ao":0,"shapes":[{"ty":"gr","it":[{"ty":"rc","d":1,"s":{"a":0,"k":[101.411,41.123],"ix":2},"p":{"a":0,"k":[0,0],"ix":3},"r":{"a":0,"k":20,"ix":4},"nm":"Rectangle Path 1","mn":"ADBE Vector Shape - Rect","hd":false},{"ty":"fl","c":{"a":0,"k":[0.850980401039,0.211764708161,0.211764708161,1],"ix":4},"o":{"a":0,"k":100,"ix":5},"r":1,"bm":0,"nm":"Fill 1","mn":"ADBE Vector Graphic - Fill","hd":false},{"ty":"tr","p":{"a":0,"k":[-162.294,81.562],"ix":2},"a":{"a":0,"k":[0,0],"ix":1},"s":{"a":0,"k":[100,100],"ix":3},"r":{"a":0,"k":0,"ix":6},"o":{"a":0,"k":100,"ix":7},"sk":{"a":0,"k":0,"ix":4},"sa":{"a":0,"k":0,"ix":5},"nm":"Transform"}],"nm":"FOREARM","np":2,"cix":2,"bm":0,"ix":1,"mn":"ADBE Vector Group","hd":false},{"ty":"gr","it":[{"ty":"rc","d":1,"s":{"a":0,"k":[39.727,43.285],"ix":2},"p":{"a":0,"k":[0,0],"ix":3},"r":{"a":0,"k":15,"ix":4},"nm":"Rectangle Path 1","mn":"ADBE Vector Shape - Rect","hd":false},{"ty":"fl","c":{"a":0,"k":[0.949019670486,0.643137276173,0.266666680574,1],"ix":4},"o":{"a":0,"k":100,"ix":5},"r":1,"bm":0,"nm":"Fill 1","mn":"ADBE Vector Graphic - Fill","hd":false},{"ty":"tr","p":{"a":0,"k":[-215.363,81.557],"ix":2},"a":{"a":0,"k":[0,0],"ix":1},"s":{"a":0,"k":[100,100],"ix":3},"r":{"a":0,"k":0,"ix":6},"o":{"a":0,"k":100,"ix":7},"sk":{"a":0,"k":0,"ix":4},"sa":{"a":0,"k":0,"ix":5},"nm":"Transform"}],"nm":"HAND","np":2,"cix":2,"bm":0,"ix":2,"mn":"ADBE Vector Group","hd":false}],"ip":0,"op":181,"st":0,"bm":0}]},{"id":"comp_1","layers":[{"ddd":0,"ind":1,"ty":4,"nm":"FEMUR","sr":1,"ks":{"o":{"a":0,"k":100,"ix":11},"r":{"a":0,"k":29,"ix":10},"p":{"a":1,"k":[{"i":{"x":0.5,"y":1},"o":{"x":0.5,"y":0},"t":0,"s":[532.714,571.216,0],"to":[0,0,0],"ti":[0,0,0]},{"i":{"x":0.5,"y":1},"o":{"x":0.5,"y":0},"t":25,"s":[532.714,599.216,0],"to":[0,0,0],"ti":[0,0,0]},{"i":{"x":0.5,"y":1},"o":{"x":0.5,"y":0},"t":50,"s":[532.714,571.216,0],"to":[0,0,0],"ti":[0,0,0]},{"i":{"x":0.5,"y":1},"o":{"x":0.5,"y":0},"t":75,"s":[532.714,599.216,0],"to":[0,0,0],"ti":[0,0,0]},{"i":{"x":0.5,"y":1},"o":{"x":0.5,"y":0},"t":100,"s":[532.714,571.216,0],"to":[0,0,0],"ti":[0,0,0]},{"i":{"x":0.5,"y":1},"o":{"x":0.5,"y":0},"t":125,"s":[532.714,599.216,0],"to":[0,0,0],"ti":[0,0,0]},{"t":150,"s":[532.714,571.216,0]}],"ix":2},"a":{"a":0,"k":[26.714,58.216,0],"ix":1},"s":{"a":0,"k":[100,100,100],"ix":6}},"ao":0,"shapes":[{"ty":"gr","it":[{"ty":"rc","d":1,"s":{"a":0,"k":[152.393,54.109],"ix":2},"p":{"a":0,"k":[0,0],"ix":3},"r":{"a":0,"k":60,"ix":4},"nm":"Rectangle Path 1","mn":"ADBE Vector Shape - Rect","hd":false},{"ty":"fl","c":{"a":0,"k":[0.847058832645,0.478431373835,0.333333343267,1],"ix":4},"o":{"a":0,"k":100,"ix":5},"r":1,"bm":0,"nm":"Fill 1","mn":"ADBE Vector Graphic - Fill","hd":false},{"ty":"tr","p":{"a":0,"k":[30.302,57.801],"ix":2},"a":{"a":0,"k":[-72.57,-0.652],"ix":1},"s":{"a":0,"k":[100,100],"ix":3},"r":{"a":0,"k":0,"ix":6},"o":{"a":0,"k":100,"ix":7},"sk":{"a":0,"k":0,"ix":4},"sa":{"a":0,"k":0,"ix":5},"nm":"Transform"}],"nm":"R-FEMUR","np":3,"cix":2,"bm":0,"ix":1,"mn":"ADBE Vector Group","hd":false}],"ip":0,"op":181,"st":0,"bm":0},{"ddd":0,"ind":2,"ty":4,"nm":"CHIN","parent":1,"sr":1,"ks":{"o":{"a":0,"k":100,"ix":11},"r":{"a":1,"k":[{"i":{"x":[0.5],"y":[1]},"o":{"x":[0.5],"y":[0]},"t":0,"s":[42]},{"i":{"x":[0.5],"y":[1]},"o":{"x":[0.5],"y":[0]},"t":25,"s":[53]},{"i":{"x":[0.5],"y":[1]},"o":{"x":[0.5],"y":[0]},"t":50,"s":[42]},{"i":{"x":[0.5],"y":[1]},"o":{"x":[0.5],"y":[0]},"t":75,"s":[53]},{"i":{"x":[0.5],"y":[1]},"o":{"x":[0.5],"y":[0]},"t":100,"s":[42]},{"i":{"x":[0.5],"y":[1]},"o":{"x":[0.5],"y":[0]},"t":125,"s":[53]},{"t":150,"s":[42]}],"ix":10},"p":{"a":0,"k":[153.872,58.453,0],"ix":2},"a":{"a":0,"k":[52.872,58.453,0],"ix":1},"s":{"a":0,"k":[100,100,100],"ix":6}},"ao":0,"shapes":[{"ty":"gr","it":[{"ind":0,"ty":"sh","ix":1,"ks":{"a":0,"k":{"i":[[11.097,-3.058],[0.843,-5.526],[0,0],[-12.146,-3.119],[-2.778,12.35],[0,0]],"o":[[-11.097,3.058],[-0.843,5.526],[0,0],[12.146,3.119],[6.831,-30.37],[0,0]],"v":[[180.035,31.131],[162.656,46.305],[160.674,72.06],[171.932,85.448],[194.718,83.766],[194.234,34.428]],"c":true},"ix":2},"nm":"Path 1","mn":"ADBE Vector Shape - Group","hd":false},{"ty":"fl","c":{"a":0,"k":[0.635401368141,0.358884096146,0.250042200089,1],"ix":4},"o":{"a":0,"k":100,"ix":5},"r":1,"bm":0,"nm":"Fill 1","mn":"ADBE Vector Graphic - Fill","hd":false},{"ty":"tr","p":{"a":0,"k":[0,0],"ix":2},"a":{"a":0,"k":[0,0],"ix":1},"s":{"a":0,"k":[100,100],"ix":3},"r":{"a":0,"k":0,"ix":6},"o":{"a":0,"k":100,"ix":7},"sk":{"a":0,"k":0,"ix":4},"sa":{"a":0,"k":0,"ix":5},"nm":"Transform"}],"nm":"SHOE","np":2,"cix":2,"bm":0,"ix":1,"mn":"ADBE Vector Group","hd":false},{"ty":"gr","it":[{"ty":"rc","d":1,"s":{"a":0,"k":[152.393,54.109],"ix":2},"p":{"a":0,"k":[0,0],"ix":3},"r":{"a":0,"k":60,"ix":4},"nm":"Rectangle Path 1","mn":"ADBE Vector Shape - Rect","hd":false},{"ty":"fl","c":{"a":0,"k":[0.847058832645,0.478431373835,0.333333343267,1],"ix":4},"o":{"a":0,"k":100,"ix":5},"r":1,"bm":0,"nm":"Fill 1","mn":"ADBE Vector Graphic - Fill","hd":false},{"ty":"tr","p":{"a":0,"k":[30.302,57.801],"ix":2},"a":{"a":0,"k":[-72.57,-0.652],"ix":1},"s":{"a":0,"k":[100,100],"ix":3},"r":{"a":0,"k":0,"ix":6},"o":{"a":0,"k":100,"ix":7},"sk":{"a":0,"k":0,"ix":4},"sa":{"a":0,"k":0,"ix":5},"nm":"Transform"}],"nm":"R-FEMUR","np":3,"cix":2,"bm":0,"ix":2,"mn":"ADBE Vector Group","hd":false}],"ip":0,"op":181,"st":0,"bm":0}]}],"layers":[{"ddd":0,"ind":1,"ty":4,"nm":"FACE","sr":1,"ks":{"o":{"a":0,"k":100,"ix":11},"r":{"a":1,"k":[{"i":{"x":[0.2],"y":[1]},"o":{"x":[0.6],"y":[0]},"t":56,"s":[0]},{"i":{"x":[0.2],"y":[1]},"o":{"x":[0.6],"y":[0]},"t":71,"s":[-17]},{"i":{"x":[0.2],"y":[1]},"o":{"x":[0.6],"y":[0]},"t":84,"s":[31]},{"i":{"x":[0.2],"y":[1]},"o":{"x":[0.6],"y":[0]},"t":97,"s":[-13]},{"i":{"x":[0.2],"y":[1]},"o":{"x":[0.6],"y":[0]},"t":103,"s":[8]},{"t":108,"s":[0]}],"ix":10},"p":{"a":1,"k":[{"i":{"x":0.2,"y":1},"o":{"x":0.6,"y":0},"t":0,"s":[540,621.445,0],"to":[0,0,0],"ti":[0,0,0]},{"i":{"x":0.2,"y":1},"o":{"x":0.6,"y":0},"t":25,"s":[540,588.745,0],"to":[0,0,0],"ti":[0,0,0]},{"i":{"x":0.2,"y":1},"o":{"x":0.6,"y":0},"t":50,"s":[540,621.445,0],"to":[0,0,0],"ti":[0,0,0]},{"i":{"x":0.2,"y":1},"o":{"x":0.6,"y":0},"t":75,"s":[540,588.745,0],"to":[0,0,0],"ti":[0,0,0]},{"i":{"x":0.2,"y":1},"o":{"x":0.6,"y":0},"t":100,"s":[540,621.445,0],"to":[0,0,0],"ti":[0,0,0]},{"i":{"x":0.2,"y":1},"o":{"x":0.6,"y":0},"t":125,"s":[540,588.745,0],"to":[0,0,0],"ti":[0,0,0]},{"t":150,"s":[540,621.445,0]}],"ix":2},"a":{"a":0,"k":[-167.85,123.63,0],"ix":1},"s":{"a":0,"k":[150,150,100],"ix":6}},"ao":0,"shapes":[{"ty":"gr","it":[{"ind":0,"ty":"sh","ix":1,"ks":{"a":1,"k":[{"i":{"x":0.2,"y":1},"o":{"x":0.6,"y":0},"t":0,"s":[{"i":[[29.48,-20.03],[0,-0.5],[-0.5,0.5],[0,0],[0,-0.5],[0,0]],"o":[[-39.319,26.716],[6,53],[6,-2.5],[-12,-17.5],[45.227,-32.15],[1,-21]],"v":[[-186,52],[-221.476,121.346],[-191.976,175.346],[-191.976,162.846],[-164.813,123.453],[-141,60]],"c":true}]},{"i":{"x":0.2,"y":1},"o":{"x":0.6,"y":0},"t":25,"s":[{"i":[[29.48,-20.03],[0,-0.5],[-0.5,0.5],[0,0],[0,-0.5],[0,0]],"o":[[-39.319,26.716],[6,53],[12.975,3.252],[-1.203,-28.217],[45.227,-32.15],[1,-21]],"v":[[-186,52],[-216.95,121.223],[-186.185,177.066],[-175.22,163.55],[-159.021,125.173],[-141,60]],"c":true}]},{"i":{"x":0.2,"y":1},"o":{"x":0.6,"y":0},"t":45,"s":[{"i":[[29.48,-20.03],[0,-0.5],[-0.5,0.5],[0,0],[0,-0.5],[0,0]],"o":[[-39.319,26.716],[6,53],[12.975,3.252],[-1.203,-28.217],[43.409,-35.431],[1,-21]],"v":[[-186,52],[-216.95,121.223],[-186.185,177.066],[-177.628,164.388],[-159.021,125.173],[-141,60]],"c":true}]},{"i":{"x":0.2,"y":1},"o":{"x":0.6,"y":0},"t":76,"s":[{"i":[[27.99,-22.064],[0,-0.5],[-0.5,0.5],[0,0],[0,-0.5],[0,0]],"o":[[-32.732,25.802],[18.62,53.229],[6,-2.5],[-12,-17.5],[45.227,-32.15],[1,-21]],"v":[[-186,52],[-211.125,121.139],[-155.31,169.317],[-156.571,154.531],[-144.306,126.47],[-141,60]],"c":true}]},{"i":{"x":0.2,"y":1},"o":{"x":0.6,"y":0},"t":90,"s":[{"i":[[27.99,-22.064],[0,-0.5],[-0.5,0.5],[0,0],[0,-0.5],[0,0]],"o":[[-32.732,25.802],[-8.512,15.868],[6.234,32.673],[5.298,-20.372],[48.972,-9.771],[1,-21]],"v":[[-186,52],[-231.962,104.089],[-241.365,150.353],[-225.22,153.888],[-162.617,119.194],[-141,60]],"c":true}]},{"i":{"x":0.2,"y":1},"o":{"x":0.6,"y":0},"t":103,"s":[{"i":[[27.99,-22.064],[0,-0.5],[-0.5,0.5],[0,0],[0,-0.5],[0,0]],"o":[[-32.732,25.802],[-4.504,33.091],[9.049,0.432],[-2.443,-30.376],[41.583,-11.151],[1,-21]],"v":[[-186,52],[-222.399,114.013],[-206.595,170.392],[-198.234,160.015],[-163.19,120.154],[-141,60]],"c":true}]},{"i":{"x":0.833,"y":0.833},"o":{"x":0.6,"y":0},"t":119,"s":[{"i":[[29.48,-20.03],[0,-0.5],[-0.5,0.5],[0,0],[0,-0.5],[0,0]],"o":[[-39.319,26.716],[6,53],[6,-2.5],[-12,-17.5],[45.227,-32.15],[1,-21]],"v":[[-186,52],[-221.476,121.346],[-191.976,175.346],[-191.976,162.846],[-164.813,123.453],[-141,60]],"c":true}]},{"i":{"x":0.2,"y":1},"o":{"x":0.167,"y":0.167},"t":134,"s":[{"i":[[29.48,-20.03],[0,-0.5],[-0.5,0.5],[0,0],[0,-0.5],[0,0]],"o":[[-39.319,26.716],[6,53],[6,-2.5],[-12,-17.5],[45.227,-32.15],[1,-21]],"v":[[-186,52],[-221.476,121.346],[-181.163,176.874],[-181.163,164.374],[-164.813,123.453],[-141,60]],"c":true}]},{"t":150,"s":[{"i":[[29.48,-20.03],[0,-0.5],[-0.5,0.5],[0,0],[0,-0.5],[0,0]],"o":[[-39.319,26.716],[6,53],[6,-2.5],[-12,-17.5],[45.227,-32.15],[1,-21]],"v":[[-186,52],[-221.476,121.346],[-193.545,178.592],[-193.971,166.656],[-164.813,123.453],[-141,60]],"c":true}]}],"ix":2},"nm":"Path 1","mn":"ADBE Vector Shape - Group","hd":false},{"ty":"fl","c":{"a":0,"k":[0.227450996637,0.247058838606,0.266666680574,1],"ix":4},"o":{"a":0,"k":100,"ix":5},"r":1,"bm":0,"nm":"Fill 1","mn":"ADBE Vector Graphic - Fill","hd":false},{"ty":"tr","p":{"a":0,"k":[12,20],"ix":2},"a":{"a":0,"k":[0,0],"ix":1},"s":{"a":0,"k":[100,100],"ix":3},"r":{"a":0,"k":7.9,"ix":6},"o":{"a":0,"k":100,"ix":7},"sk":{"a":0,"k":0,"ix":4},"sa":{"a":0,"k":0,"ix":5},"nm":"Transform"}],"nm":"HAIR","np":2,"cix":2,"bm":0,"ix":1,"mn":"ADBE Vector Group","hd":false},{"ty":"gr","it":[{"ind":0,"ty":"sh","ix":1,"ks":{"a":0,"k":{"i":[[6,0],[0,0],[0,0],[0,0],[0,0]],"o":[[-6,0],[0,0],[0,0],[0,0],[0,0]],"v":[[-164.5,135.5],[-185.859,135.5],[-185.859,149.25],[-158.75,149.25],[-158.75,140.875]],"c":true},"ix":2},"nm":"Path 1","mn":"ADBE Vector Shape - Group","hd":false},{"ty":"fl","c":{"a":0,"k":[0.549019966873,0.541175991881,0.501960963829,1],"ix":4},"o":{"a":0,"k":100,"ix":5},"r":1,"bm":0,"nm":"Fill 1","mn":"ADBE Vector Graphic - Fill","hd":false},{"ty":"tr","p":{"a":0,"k":[-21,0],"ix":2},"a":{"a":0,"k":[0,0],"ix":1},"s":{"a":0,"k":[100,100],"ix":3},"r":{"a":0,"k":0,"ix":6},"o":{"a":0,"k":100,"ix":7},"sk":{"a":0,"k":0,"ix":4},"sa":{"a":0,"k":0,"ix":5},"nm":"Transform"}],"nm":"L-EYELID","np":2,"cix":2,"bm":0,"ix":2,"mn":"ADBE Vector Group","hd":false},{"ty":"gr","it":[{"ind":0,"ty":"sh","ix":1,"ks":{"a":0,"k":{"i":[[3.85,0],[0,-3.85],[-3.85,0],[0,3.85]],"o":[[-3.85,0],[0,3.85],[3.85,0],[0,-3.85]],"v":[[0,-6.971],[-6.971,0],[0,6.971],[6.971,0]],"c":true},"ix":2},"nm":"Path 1","mn":"ADBE Vector Shape - Group","hd":false},{"ty":"fl","c":{"a":0,"k":[0.227450996637,0.247058838606,0.266666680574,1],"ix":4},"o":{"a":0,"k":100,"ix":5},"r":1,"bm":0,"nm":"Fill 1","mn":"ADBE Vector Graphic - Fill","hd":false},{"ty":"tr","p":{"a":0,"k":[-193.479,150.671],"ix":2},"a":{"a":0,"k":[0,0],"ix":1},"s":{"a":0,"k":[120,120],"ix":3},"r":{"a":0,"k":0,"ix":6},"o":{"a":0,"k":100,"ix":7},"sk":{"a":0,"k":0,"ix":4},"sa":{"a":0,"k":0,"ix":5},"nm":"Transform"}],"nm":"L-PUPIL","np":2,"cix":2,"bm":0,"ix":3,"mn":"ADBE Vector Group","hd":false},{"ty":"gr","it":[{"ind":0,"ty":"sh","ix":1,"ks":{"a":0,"k":{"i":[[0,0],[0,-0.125],[0,0],[0,0],[0,0]],"o":[[0,0],[0,5.375],[0,0],[0,0],[0,0]],"v":[[-197.82,148.285],[-197.82,157.375],[-193.07,163],[-170.828,162.938],[-170.828,148.16]],"c":true},"ix":2},"nm":"Path 1","mn":"ADBE Vector Shape - Group","hd":false},{"ty":"fl","c":{"a":0,"k":[0.639215707779,0.631372570992,0.584313750267,1],"ix":4},"o":{"a":0,"k":100,"ix":5},"r":1,"bm":0,"nm":"Fill 1","mn":"ADBE Vector Graphic - Fill","hd":false},{"ty":"tr","p":{"a":0,"k":[-8.9,0],"ix":2},"a":{"a":0,"k":[0,0],"ix":1},"s":{"a":0,"k":[100,100],"ix":3},"r":{"a":0,"k":0,"ix":6},"o":{"a":0,"k":100,"ix":7},"sk":{"a":0,"k":0,"ix":4},"sa":{"a":0,"k":0,"ix":5},"nm":"Transform"}],"nm":"L-EYE","np":2,"cix":2,"bm":0,"ix":4,"mn":"ADBE Vector Group","hd":false},{"ty":"gr","it":[{"ind":0,"ty":"sh","ix":1,"ks":{"a":0,"k":{"i":[[0,0],[6,0],[0,0],[0,0],[0,0]],"o":[[0,0],[-6,0],[0,0],[0,0],[0,0]],"v":[[-129.5,135.25],[-146.25,135.25],[-152.25,140],[-152.25,147],[-129.5,146.812]],"c":true},"ix":2},"nm":"Path 1","mn":"ADBE Vector Shape - Group","hd":false},{"ty":"fl","c":{"a":0,"k":[0.549019607843,0.541176470588,0.501960784314,1],"ix":4},"o":{"a":0,"k":100,"ix":5},"r":1,"bm":0,"nm":"Fill 1","mn":"ADBE Vector Graphic - Fill","hd":false},{"ty":"tr","p":{"a":0,"k":[26.7,-27],"ix":2},"a":{"a":0,"k":[0,0],"ix":1},"s":{"a":0,"k":[120,120],"ix":3},"r":{"a":0,"k":0,"ix":6},"o":{"a":0,"k":100,"ix":7},"sk":{"a":0,"k":0,"ix":4},"sa":{"a":0,"k":0,"ix":5},"nm":"Transform"}],"nm":"R-EYELID","np":2,"cix":2,"bm":0,"ix":5,"mn":"ADBE Vector Group","hd":false},{"ty":"gr","it":[{"ind":0,"ty":"sh","ix":1,"ks":{"a":0,"k":{"i":[[3.85,0],[0,-3.85],[-3.85,0],[0,3.85]],"o":[[-3.85,0],[0,3.85],[3.85,0],[0,-3.85]],"v":[[0,-6.971],[-6.971,0],[0,6.971],[6.971,0]],"c":true},"ix":2},"nm":"Path 1","mn":"ADBE Vector Shape - Group","hd":false},{"ty":"fl","c":{"a":0,"k":[0.227450996637,0.247058838606,0.266666680574,1],"ix":4},"o":{"a":0,"k":100,"ix":5},"r":1,"bm":0,"nm":"Fill 1","mn":"ADBE Vector Graphic - Fill","hd":false},{"ty":"tr","p":{"a":0,"k":[-141.879,150.671],"ix":2},"a":{"a":0,"k":[0,0],"ix":1},"s":{"a":0,"k":[120,120],"ix":3},"r":{"a":0,"k":0,"ix":6},"o":{"a":0,"k":100,"ix":7},"sk":{"a":0,"k":0,"ix":4},"sa":{"a":0,"k":0,"ix":5},"nm":"Transform"}],"nm":"R-PUPIL","np":2,"cix":2,"bm":0,"ix":6,"mn":"ADBE Vector Group","hd":false},{"ty":"gr","it":[{"ind":0,"ty":"sh","ix":1,"ks":{"a":0,"k":{"i":[[0,0],[6,0],[0,0],[0,0],[0,0]],"o":[[0,0],[-6,0],[0,0],[0,0],[0,0]],"v":[[-129.5,135.25],[-146.25,135.25],[-152.25,140],[-152.25,147],[-129.5,146.812]],"c":true},"ix":2},"nm":"Path 1","mn":"ADBE Vector Shape - Group","hd":false},{"ty":"fl","c":{"a":0,"k":[0.638716161251,0.62959164381,0.583969056606,1],"ix":4},"o":{"a":0,"k":100,"ix":5},"r":1,"bm":0,"nm":"Fill 1","mn":"ADBE Vector Graphic - Fill","hd":false},{"ty":"tr","p":{"a":0,"k":[-311.4,325.5],"ix":2},"a":{"a":0,"k":[0,0],"ix":1},"s":{"a":0,"k":[120,120],"ix":3},"r":{"a":0,"k":180,"ix":6},"o":{"a":0,"k":100,"ix":7},"sk":{"a":0,"k":0,"ix":4},"sa":{"a":0,"k":0,"ix":5},"nm":"Transform"}],"nm":"R-EYE","np":2,"cix":2,"bm":0,"ix":7,"mn":"ADBE Vector Group","hd":false},{"ty":"gr","it":[{"ind":0,"ty":"sh","ix":1,"ks":{"a":0,"k":{"i":[[7.559,0],[0,-7.559],[-7.559,0],[0,7.559]],"o":[[-7.559,0],[0,7.559],[7.559,0],[0,-7.559]],"v":[[0,-13.688],[-13.688,0],[0,13.688],[13.688,0]],"c":true},"ix":2},"nm":"Path 1","mn":"ADBE Vector Shape - Group","hd":false},{"ty":"fl","c":{"a":0,"k":[0.298039227724,0.32549020648,0.349019616842,1],"ix":4},"o":{"a":0,"k":100,"ix":5},"r":1,"bm":0,"nm":"Fill 1","mn":"ADBE Vector Graphic - Fill","hd":false},{"ty":"tr","p":{"a":0,"k":[-144.313,247.688],"ix":2},"a":{"a":0,"k":[0,0],"ix":1},"s":{"a":0,"k":[65,120],"ix":3},"r":{"a":0,"k":28.8,"ix":6},"o":{"a":0,"k":100,"ix":7},"sk":{"a":0,"k":0,"ix":4},"sa":{"a":0,"k":0,"ix":5},"nm":"Transform"}],"nm":"R-NOSTRAL","np":2,"cix":2,"bm":0,"ix":8,"mn":"ADBE Vector Group","hd":false},{"ty":"gr","it":[{"ind":0,"ty":"sh","ix":1,"ks":{"a":0,"k":{"i":[[7.559,0],[0,-7.559],[-7.559,0],[0,7.559]],"o":[[-7.559,0],[0,7.559],[7.559,0],[0,-7.559]],"v":[[0,-13.688],[-13.688,0],[0,13.688],[13.688,0]],"c":true},"ix":2},"nm":"Path 1","mn":"ADBE Vector Shape - Group","hd":false},{"ty":"fl","c":{"a":0,"k":[0.298039227724,0.32549020648,0.349019616842,1],"ix":4},"o":{"a":0,"k":100,"ix":5},"r":1,"bm":0,"nm":"Fill 1","mn":"ADBE Vector Graphic - Fill","hd":false},{"ty":"tr","p":{"a":0,"k":[-190.512,247.688],"ix":2},"a":{"a":0,"k":[0,0],"ix":1},"s":{"a":0,"k":[65,120],"ix":3},"r":{"a":0,"k":-28.8,"ix":6},"o":{"a":0,"k":100,"ix":7},"sk":{"a":0,"k":0,"ix":4},"sa":{"a":0,"k":0,"ix":5},"nm":"Transform"}],"nm":"L-NOSTRAL","np":2,"cix":2,"bm":0,"ix":9,"mn":"ADBE Vector Group","hd":false},{"ty":"gr","it":[{"ind":0,"ty":"sh","ix":1,"ks":{"a":0,"k":{"i":[[21.469,0],[0,-21.469],[-21.469,0],[0,21.469]],"o":[[-21.469,0],[0,21.469],[21.469,0],[0,-21.469]],"v":[[0,-38.873],[-38.873,0],[0,38.873],[38.873,0]],"c":true},"ix":2},"nm":"Path 1","mn":"ADBE Vector Shape - Group","hd":false},{"ty":"fl","c":{"a":0,"k":[0.549019607843,0.541176470588,0.501960784314,1],"ix":4},"o":{"a":0,"k":100,"ix":5},"r":1,"bm":0,"nm":"Fill 1","mn":"ADBE Vector Graphic - Fill","hd":false},{"ty":"tr","p":{"a":0,"k":[-167.4,236.697],"ix":2},"a":{"a":0,"k":[0,0],"ix":1},"s":{"a":0,"k":[99.775,99.775],"ix":3},"r":{"a":0,"k":0,"ix":6},"o":{"a":0,"k":100,"ix":7},"sk":{"a":0,"k":0,"ix":4},"sa":{"a":0,"k":0,"ix":5},"nm":"Transform"}],"nm":"NOSE","np":2,"cix":2,"bm":0,"ix":10,"mn":"ADBE Vector Group","hd":false},{"ty":"gr","it":[{"ind":0,"ty":"sh","ix":1,"ks":{"a":0,"k":{"i":[[0,0],[0,0]],"o":[[0,0],[0,0]],"v":[[-168,100],[-168,214.5]],"c":false},"ix":2},"nm":"Path 1","mn":"ADBE Vector Shape - Group","hd":false},{"ty":"st","c":{"a":0,"k":[0.298039215686,0.325490196078,0.349019607843,1],"ix":3},"o":{"a":0,"k":100,"ix":4},"w":{"a":0,"k":88,"ix":5},"lc":2,"lj":1,"ml":4,"bm":0,"nm":"Stroke 1","mn":"ADBE Vector Graphic - Stroke","hd":false},{"ty":"tr","p":{"a":0,"k":[0,0],"ix":2},"a":{"a":0,"k":[0,0],"ix":1},"s":{"a":0,"k":[100,100],"ix":3},"r":{"a":0,"k":0,"ix":6},"o":{"a":0,"k":100,"ix":7},"sk":{"a":0,"k":0,"ix":4},"sa":{"a":0,"k":0,"ix":5},"nm":"Transform"}],"nm":"FACE","np":2,"cix":2,"bm":0,"ix":12,"mn":"ADBE Vector Group","hd":false},{"ty":"gr","it":[{"ty":"gr","it":[{"ind":0,"ty":"sh","ix":1,"ks":{"a":0,"k":{"i":[[6.5,4],[0.5,0],[0,0],[0,0.5],[0,0],[0,0]],"o":[[-6.5,-4],[-10.228,43.065],[0,0],[-1.5,-19],[23,-15.5],[9.5,-26.5]],"v":[[-103.5,-10],[-118.5,31],[-150,86],[-142.5,98],[-124,66.5],[-97,35]],"c":true},"ix":2},"nm":"Path 1","mn":"ADBE Vector Shape - Group","hd":false},{"ty":"fl","c":{"a":0,"k":[0.298039227724,0.32549020648,0.349019616842,1],"ix":4},"o":{"a":0,"k":100,"ix":5},"r":1,"bm":0,"nm":"Fill 1","mn":"ADBE Vector Graphic - Fill","hd":false},{"ty":"tr","p":{"a":0,"k":[0,0],"ix":2},"a":{"a":0,"k":[0,0],"ix":1},"s":{"a":0,"k":[100,100],"ix":3},"r":{"a":0,"k":0,"ix":6},"o":{"a":0,"k":100,"ix":7},"sk":{"a":0,"k":0,"ix":4},"sa":{"a":0,"k":0,"ix":5},"nm":"Transform"}],"nm":"I-EAR","np":2,"cix":2,"bm":0,"ix":1,"mn":"ADBE Vector Group","hd":false},{"ty":"gr","it":[{"ind":0,"ty":"sh","ix":1,"ks":{"a":0,"k":{"i":[[1,1],[0,0],[0,0],[0,0],[0,1]],"o":[[-10,-32],[-32,68],[0,0],[-5,-15],[34,-23]],"v":[[-90,-14],[-112,-14],[-158,68],[-136,91],[-110,61]],"c":true},"ix":2},"nm":"Path 1","mn":"ADBE Vector Shape - Group","hd":false},{"ty":"fl","c":{"a":0,"k":[0.227450996637,0.247058838606,0.266666680574,1],"ix":4},"o":{"a":0,"k":100,"ix":5},"r":1,"bm":0,"nm":"Fill 1","mn":"ADBE Vector Graphic - Fill","hd":false},{"ty":"tr","p":{"a":0,"k":[0,0],"ix":2},"a":{"a":0,"k":[0,0],"ix":1},"s":{"a":0,"k":[100,100],"ix":3},"r":{"a":0,"k":0,"ix":6},"o":{"a":0,"k":100,"ix":7},"sk":{"a":0,"k":0,"ix":4},"sa":{"a":0,"k":0,"ix":5},"nm":"Transform"}],"nm":"O-EAR","np":2,"cix":2,"bm":0,"ix":2,"mn":"ADBE Vector Group","hd":false},{"ty":"tr","p":{"a":0,"k":[-145.289,81.306],"ix":2},"a":{"a":0,"k":[-145.289,81.306],"ix":1},"s":{"a":0,"k":[100,100],"ix":3},"r":{"a":1,"k":[{"i":{"x":[0.2],"y":[1]},"o":{"x":[0.6],"y":[0]},"t":0,"s":[0]},{"i":{"x":[0.2],"y":[1]},"o":{"x":[0.6],"y":[0]},"t":25,"s":[8]},{"i":{"x":[0.2],"y":[1]},"o":{"x":[0.6],"y":[0]},"t":50,"s":[0]},{"i":{"x":[0.2],"y":[1]},"o":{"x":[0.6],"y":[0]},"t":69,"s":[-13.318]},{"i":{"x":[0.2],"y":[1]},"o":{"x":[0.6],"y":[0]},"t":75,"s":[8]},{"i":{"x":[0.2],"y":[1]},"o":{"x":[0.6],"y":[0]},"t":92,"s":[-20.359]},{"i":{"x":[0.2],"y":[1]},"o":{"x":[0.6],"y":[0]},"t":100,"s":[0]},{"i":{"x":[0.2],"y":[1]},"o":{"x":[0.6],"y":[0]},"t":125,"s":[8]},{"t":150,"s":[0]}],"ix":6},"o":{"a":0,"k":100,"ix":7},"sk":{"a":0,"k":0,"ix":4},"sa":{"a":0,"k":0,"ix":5},"nm":"Transform"}],"nm":"R-EAR","np":2,"cix":2,"bm":0,"ix":13,"mn":"ADBE Vector Group","hd":false},{"ty":"gr","it":[{"ty":"gr","it":[{"ind":0,"ty":"sh","ix":1,"ks":{"a":0,"k":{"i":[[6.5,4],[0.5,0],[0,0],[0,0.5],[0,0],[0,0]],"o":[[-6.5,-4],[-10.228,43.065],[0,0],[-1.5,-19],[23,-15.5],[9.5,-26.5]],"v":[[-103.5,-10],[-118.5,31],[-150,86],[-142.5,98],[-124,66.5],[-97,35]],"c":true},"ix":2},"nm":"Path 1","mn":"ADBE Vector Shape - Group","hd":false},{"ty":"fl","c":{"a":0,"k":[0.298039227724,0.32549020648,0.349019616842,1],"ix":4},"o":{"a":0,"k":100,"ix":5},"r":1,"bm":0,"nm":"Fill 1","mn":"ADBE Vector Graphic - Fill","hd":false},{"ty":"tr","p":{"a":0,"k":[-335,0],"ix":2},"a":{"a":0,"k":[0,0],"ix":1},"s":{"a":0,"k":[100,-100],"ix":3},"r":{"a":0,"k":-180,"ix":6},"o":{"a":0,"k":100,"ix":7},"sk":{"a":0,"k":0,"ix":4},"sa":{"a":0,"k":0,"ix":5},"nm":"Transform"}],"nm":"I-EAR","np":2,"cix":2,"bm":0,"ix":1,"mn":"ADBE Vector Group","hd":false},{"ty":"gr","it":[{"ind":0,"ty":"sh","ix":1,"ks":{"a":0,"k":{"i":[[1,1],[0,0],[0,0],[0,0],[0,1]],"o":[[-10,-32],[-32,68],[0,0],[-5,-15],[34,-23]],"v":[[-90,-14],[-112,-14],[-158,68],[-136,91],[-110,61]],"c":true},"ix":2},"nm":"Path 1","mn":"ADBE Vector Shape - Group","hd":false},{"ty":"fl","c":{"a":0,"k":[0.227450996637,0.247058838606,0.266666680574,1],"ix":4},"o":{"a":0,"k":100,"ix":5},"r":1,"bm":0,"nm":"Fill 1","mn":"ADBE Vector Graphic - Fill","hd":false},{"ty":"tr","p":{"a":0,"k":[-335.7,0],"ix":2},"a":{"a":0,"k":[0,0],"ix":1},"s":{"a":0,"k":[100,-100],"ix":3},"r":{"a":0,"k":-180,"ix":6},"o":{"a":0,"k":100,"ix":7},"sk":{"a":0,"k":0,"ix":4},"sa":{"a":0,"k":0,"ix":5},"nm":"Transform"}],"nm":"O-EAR","np":2,"cix":2,"bm":0,"ix":2,"mn":"ADBE Vector Group","hd":false},{"ty":"tr","p":{"a":0,"k":[-190.463,81.746],"ix":2},"a":{"a":0,"k":[-190.463,81.746],"ix":1},"s":{"a":0,"k":[100,100],"ix":3},"r":{"a":1,"k":[{"i":{"x":[0.2],"y":[1]},"o":{"x":[0.6],"y":[0]},"t":0,"s":[0]},{"i":{"x":[0.2],"y":[1]},"o":{"x":[0.6],"y":[0]},"t":25,"s":[-8]},{"i":{"x":[0.2],"y":[1]},"o":{"x":[0.6],"y":[0]},"t":50,"s":[0]},{"i":{"x":[0.2],"y":[1]},"o":{"x":[0.6],"y":[0]},"t":63,"s":[0]},{"i":{"x":[0.2],"y":[1]},"o":{"x":[0.6],"y":[0]},"t":70,"s":[-5.831]},{"i":{"x":[0.2],"y":[1]},"o":{"x":[0.6],"y":[0]},"t":75,"s":[25]},{"i":{"x":[0.2],"y":[1]},"o":{"x":[0.6],"y":[0]},"t":100,"s":[0]},{"i":{"x":[0.2],"y":[1]},"o":{"x":[0.6],"y":[0]},"t":125,"s":[-8]},{"t":150,"s":[0]}],"ix":6},"o":{"a":0,"k":100,"ix":7},"sk":{"a":0,"k":0,"ix":4},"sa":{"a":0,"k":0,"ix":5},"nm":"Transform"}],"nm":"L-EAR","np":2,"cix":2,"bm":0,"ix":14,"mn":"ADBE Vector Group","hd":false}],"ip":0,"op":181,"st":0,"bm":0},{"ddd":0,"ind":2,"ty":4,"nm":"HAT","sr":1,"ks":{"o":{"a":0,"k":100,"ix":11},"r":{"a":0,"k":0,"ix":10},"p":{"a":1,"k":[{"i":{"x":0.5,"y":1},"o":{"x":0.5,"y":0},"t":0,"s":[351.375,290.875,0],"to":[0,0,0],"ti":[0,0,0]},{"i":{"x":0.5,"y":1},"o":{"x":0.5,"y":0},"t":25,"s":[351.375,328.825,0],"to":[0,0,0],"ti":[0,0,0]},{"i":{"x":0.5,"y":1},"o":{"x":0.5,"y":0},"t":50,"s":[351.375,290.875,0],"to":[0,0,0],"ti":[0,0,0]},{"i":{"x":0.5,"y":1},"o":{"x":0.5,"y":0},"t":75,"s":[351.375,328.825,0],"to":[0,0,0],"ti":[0,0,0]},{"i":{"x":0.5,"y":1},"o":{"x":0.5,"y":0},"t":100,"s":[351.375,290.875,0],"to":[0,0,0],"ti":[0,0,0]},{"i":{"x":0.5,"y":1},"o":{"x":0.5,"y":0},"t":125,"s":[351.375,328.075,0],"to":[0,0,0],"ti":[0,0,0]},{"t":150,"s":[351.375,290.875,0]}],"ix":2},"a":{"a":0,"k":[-125.75,-102.75,0],"ix":1},"s":{"a":0,"k":[150,150,100],"ix":6}},"ao":0,"shapes":[{"ty":"gr","it":[{"ind":0,"ty":"sh","ix":1,"ks":{"a":0,"k":{"i":[[0,0],[-2,-12.75],[-3.373,5.172],[-2.75,-10],[-3,8],[-1.968,-8.363],[-3.25,5.25],[-3.25,-10.75],[-3.5,12.25],[-2.5,-8],[-2.25,8.5],[-5.352,-12.764],[0,0]],"o":[[0,0],[2,12.75],[3.75,-5.75],[2.75,10],[3,-8],[2,8.5],[3.25,-5.25],[3.25,10.75],[3.5,-12.25],[2.5,8],[2.25,-8.5],[5.5,13.116],[0,0]],"v":[[-45.75,-134.5],[-36.75,-150],[-31,-137.5],[-22.25,-149.25],[-14.75,-137.75],[-6.75,-149],[0.25,-135.25],[9,-148.5],[18,-139.75],[24.75,-149],[33.5,-138.25],[41.25,-149],[47.75,-134.5]],"c":false},"ix":2},"nm":"Path 1","mn":"ADBE Vector Shape - Group","hd":false},{"ty":"st","c":{"a":0,"k":[0.482843130827,0.204155147076,0.04212725535,1],"ix":3},"o":{"a":0,"k":25,"ix":4},"w":{"a":0,"k":3,"ix":5},"lc":2,"lj":1,"ml":4,"bm":0,"nm":"Stroke 1","mn":"ADBE Vector Graphic - Stroke","hd":false},{"ty":"tr","p":{"a":0,"k":[0,0],"ix":2},"a":{"a":0,"k":[0,0],"ix":1},"s":{"a":0,"k":[100,100],"ix":3},"r":{"a":0,"k":0,"ix":6},"o":{"a":0,"k":100,"ix":7},"sk":{"a":0,"k":0,"ix":4},"sa":{"a":0,"k":0,"ix":5},"nm":"Transform"}],"nm":"DETAIL-STRAP","np":3,"cix":2,"bm":0,"ix":1,"mn":"ADBE Vector Group","hd":false},{"ty":"gr","it":[{"ind":0,"ty":"sh","ix":1,"ks":{"a":0,"k":{"i":[[0,0],[0,0],[1.288,-5.621],[0.124,-0.124],[0,0]],"o":[[-35.5,7.5],[0,0],[-1.275,5.566],[58.5,7.25],[-4.25,-23]],"v":[[43.75,-159.556],[-41.5,-158.556],[-44.8,-146.317],[-47.25,-133.056],[48.75,-133.306]],"c":true},"ix":2},"nm":"Path 1","mn":"ADBE Vector Shape - Group","hd":false},{"ty":"fl","c":{"a":0,"k":[0.503953635693,0.257067263126,0.063630506396,1],"ix":4},"o":{"a":0,"k":25,"ix":5},"r":1,"bm":1,"nm":"Fill 1","mn":"ADBE Vector Graphic - Fill","hd":false},{"ty":"tr","p":{"a":0,"k":[0,0],"ix":2},"a":{"a":0,"k":[0,0],"ix":1},"s":{"a":0,"k":[100,100],"ix":3},"r":{"a":0,"k":0,"ix":6},"o":{"a":0,"k":100,"ix":7},"sk":{"a":0,"k":0,"ix":4},"sa":{"a":0,"k":0,"ix":5},"nm":"Transform"}],"nm":"STRAP","np":2,"cix":2,"bm":0,"ix":2,"mn":"ADBE Vector Group","hd":false},{"ty":"gr","it":[{"ind":0,"ty":"sh","ix":1,"ks":{"a":0,"k":{"i":[[4.5,14],[3.25,-20.25],[6.5,12.75],[10.5,-31.5],[7.75,11.25],[5.75,-14.25],[7.25,31.25],[6.75,-10.75],[8.75,21.75],[10.5,-12.75],[5.25,25.5],[4.25,-1.25],[0.5,0.75],[-6.923,-3.572],[-28.573,-1.568],[-46.147,10.632],[0,-0.25]],"o":[[-4.5,-14],[-3.25,20.25],[-6.5,-12.75],[-10.5,31.5],[-7.75,-11.25],[-5.75,14.25],[-7.25,-31.25],[-6.75,10.75],[-8.75,-21.75],[-10.5,12.75],[-5.25,-25.5],[-4.25,1.25],[-0.228,4.624],[22.073,11.388],[41,2.25],[51,-11.75],[0,0.25]],"v":[[119.25,-115.25],[102.5,-95.25],[82,-102],[59,-89],[27.25,-101],[8.75,-79.5],[-12,-92],[-36.5,-77.25],[-54,-99],[-80,-90],[-99.25,-108.25],[-121.25,-101.5],[-130.75,-108.25],[-119.823,-93.138],[-17.25,-67.5],[82,-77.75],[131.75,-103.25]],"c":true},"ix":2},"nm":"Path 1","mn":"ADBE Vector Shape - Group","hd":false},{"ty":"fl","c":{"a":0,"k":[0.787944257259,0.196078300476,0.196078300476,1],"ix":4},"o":{"a":0,"k":100,"ix":5},"r":1,"bm":0,"nm":"Fill 1","mn":"ADBE Vector Graphic - Fill","hd":false},{"ty":"tr","p":{"a":0,"k":[0,0],"ix":2},"a":{"a":0,"k":[0,0],"ix":1},"s":{"a":0,"k":[100,100],"ix":3},"r":{"a":0,"k":0,"ix":6},"o":{"a":0,"k":26,"ix":7},"sk":{"a":0,"k":0,"ix":4},"sa":{"a":0,"k":0,"ix":5},"nm":"Transform"}],"nm":"DETAIL","np":2,"cix":2,"bm":0,"ix":3,"mn":"ADBE Vector Group","hd":false},{"ty":"gr","it":[{"ind":0,"ty":"sh","ix":1,"ks":{"a":0,"k":{"i":[[23,-12],[0,0],[54.899,13.42],[0,0],[-11,-5],[-54.5,0],[-23.32,12.346],[0,0]],"o":[[-23,12],[0,0],[-22.5,-5.5],[0,0],[11,5],[54.5,0],[8.5,-4.5],[0,0]],"v":[[123.5,-133],[4,-119.5],[-122,-133],[-132,-113],[-119.5,-92.5],[2.5,-66.5],[125,-94],[132.5,-112.5]],"c":true},"ix":2},"nm":"Path 1","mn":"ADBE Vector Shape - Group","hd":false},{"ty":"fl","c":{"a":0,"k":[1,0.51372551918,0.1254902035,1],"ix":4},"o":{"a":0,"k":100,"ix":5},"r":1,"bm":0,"nm":"Fill 1","mn":"ADBE Vector Graphic - Fill","hd":false},{"ty":"tr","p":{"a":0,"k":[0,0],"ix":2},"a":{"a":0,"k":[0,0],"ix":1},"s":{"a":0,"k":[100,100],"ix":3},"r":{"a":0,"k":0,"ix":6},"o":{"a":0,"k":100,"ix":7},"sk":{"a":0,"k":0,"ix":4},"sa":{"a":0,"k":0,"ix":5},"nm":"Transform"}],"nm":"BOARD","np":2,"cix":2,"bm":0,"ix":4,"mn":"ADBE Vector Group","hd":false},{"ty":"gr","it":[{"ind":0,"ty":"sh","ix":1,"ks":{"a":0,"k":{"i":[[39,0],[0,0],[0,0]],"o":[[-39,0],[0,0],[0,0]],"v":[[2,-221],[-51,-112],[52,-110]],"c":true},"ix":2},"nm":"Path 1","mn":"ADBE Vector Shape - Group","hd":false},{"ty":"fl","c":{"a":0,"k":[0.774617016315,0.397940516472,0.09720684588,1],"ix":4},"o":{"a":0,"k":100,"ix":5},"r":1,"bm":0,"nm":"Fill 1","mn":"ADBE Vector Graphic - Fill","hd":false},{"ty":"tr","p":{"a":0,"k":[0,0],"ix":2},"a":{"a":0,"k":[0,0],"ix":1},"s":{"a":0,"k":[100,100],"ix":3},"r":{"a":0,"k":0,"ix":6},"o":{"a":0,"k":100,"ix":7},"sk":{"a":0,"k":0,"ix":4},"sa":{"a":0,"k":0,"ix":5},"nm":"Transform"}],"nm":"CONE","np":2,"cix":2,"bm":0,"ix":5,"mn":"ADBE Vector Group","hd":false},{"ty":"gr","it":[{"d":1,"ty":"el","s":{"a":0,"k":[270.399,31.186],"ix":2},"p":{"a":0,"k":[0,0],"ix":3},"nm":"Ellipse Path 1","mn":"ADBE Vector Shape - Ellipse","hd":false},{"ty":"fl","c":{"a":0,"k":[0.522748172283,0.266654372215,0.066003553569,1],"ix":4},"o":{"a":0,"k":100,"ix":5},"r":1,"bm":0,"nm":"Fill 1","mn":"ADBE Vector Graphic - Fill","hd":false},{"ty":"tr","p":{"a":0,"k":[1.5,-132.407],"ix":2},"a":{"a":0,"k":[0,0],"ix":1},"s":{"a":0,"k":[99.7,100],"ix":3},"r":{"a":0,"k":0,"ix":6},"o":{"a":0,"k":100,"ix":7},"sk":{"a":0,"k":0,"ix":4},"sa":{"a":0,"k":0,"ix":5},"nm":"Transform"}],"nm":"BASE","np":2,"cix":2,"bm":0,"ix":6,"mn":"ADBE Vector Group","hd":false}],"ip":0,"op":181,"st":0,"bm":0},{"ddd":0,"ind":3,"ty":4,"nm":"MEXICAN-FACE","sr":1,"ks":{"o":{"a":0,"k":100,"ix":11},"r":{"a":0,"k":0,"ix":10},"p":{"a":1,"k":[{"i":{"x":0.5,"y":1},"o":{"x":0.5,"y":0},"t":0,"s":[540,310.924,0],"to":[0,0,0],"ti":[0,0,0]},{"i":{"x":0.5,"y":1},"o":{"x":0.5,"y":0},"t":25,"s":[540,349.924,0],"to":[0,0,0],"ti":[0,0,0]},{"i":{"x":0.5,"y":1},"o":{"x":0.5,"y":0},"t":50,"s":[540,310.924,0],"to":[0,0,0],"ti":[0,0,0]},{"i":{"x":0.5,"y":1},"o":{"x":0.5,"y":0},"t":75,"s":[540,349.924,0],"to":[0,0,0],"ti":[0,0,0]},{"i":{"x":0.5,"y":1},"o":{"x":0.5,"y":0},"t":100,"s":[540,310.924,0],"to":[0,0,0],"ti":[0,0,0]},{"i":{"x":0.5,"y":1},"o":{"x":0.5,"y":0},"t":125,"s":[540,349.924,0],"to":[0,0,0],"ti":[0,0,0]},{"t":150,"s":[540,310.924,0]}],"ix":2},"a":{"a":0,"k":[-7.924,-53.384,0],"ix":1},"s":{"a":0,"k":[150,150,100],"ix":6}},"ao":0,"shapes":[{"ty":"gr","it":[{"ind":0,"ty":"sh","ix":1,"ks":{"a":1,"k":[{"i":{"x":0.5,"y":1},"o":{"x":0.5,"y":0},"t":0,"s":[{"i":[[11.25,3],[1.5,-18],[0,0],[-3,-3.75],[-12.75,3],[-0.75,4.5],[-9.75,0],[-1.25,-4.75],[-10.25,-4.25],[-3,2.75],[0,0],[-0.25,0],[0,0],[4.25,-1.75],[2.5,0]],"o":[[-11.25,-3],[-1.5,18],[-2.25,-1.5],[3,3.75],[12.75,-3],[0.75,-4.5],[9.75,0],[1.25,4.75],[10.25,4.25],[3,-2.75],[-13.5,1],[-1,-7.75],[-4.75,-14.5],[-4.25,1.75],[-2.5,0]],"v":[[-18.174,-27.25],[-43.174,-4.25],[-56.424,10.75],[-60.424,11.5],[-41.174,15.75],[-24.424,-5.75],[-12.424,-21],[0.576,-5.75],[14.826,14.75],[36.076,12],[33.076,10.75],[19.326,-2.75],[17.326,-15.25],[-5.674,-26.75],[-11.924,-24.75]],"c":true}]},{"i":{"x":0.5,"y":1},"o":{"x":0.5,"y":0},"t":25,"s":[{"i":[[11.25,3],[1.5,-18],[0,0],[-3,-3.75],[-12.75,3],[-0.75,4.5],[-9.75,0],[-1.25,-4.75],[-10.25,-4.25],[-3,2.75],[0,0],[-0.25,0],[0,0],[4.25,-1.75],[2.5,0]],"o":[[-11.25,-3],[-1.5,18],[-2.25,-1.5],[3,3.75],[12.75,-3],[0.75,-4.5],[9.75,0],[1.25,4.75],[10.25,4.25],[3,-2.75],[-13.5,1],[-1,-7.75],[-4.75,-14.5],[-4.25,1.75],[-2.5,0]],"v":[[-18.174,-27.25],[-40.174,-4.25],[-45.424,12.25],[-49.424,13],[-30.174,17.25],[-21.424,-5.75],[-12.424,-21],[-4.174,-5.75],[4.576,17.25],[25.826,14.5],[22.826,13.25],[14.576,-2.75],[12.576,-15.25],[-5.674,-26.75],[-11.924,-24.75]],"c":true}]},{"i":{"x":0.5,"y":1},"o":{"x":0.5,"y":0},"t":50,"s":[{"i":[[11.25,3],[1.5,-18],[0,0],[-3,-3.75],[-12.75,3],[-0.75,4.5],[-9.75,0],[-1.25,-4.75],[-10.25,-4.25],[-3,2.75],[0,0],[-0.25,0],[0,0],[4.25,-1.75],[2.5,0]],"o":[[-11.25,-3],[-1.5,18],[-2.25,-1.5],[3,3.75],[12.75,-3],[0.75,-4.5],[9.75,0],[1.25,4.75],[10.25,4.25],[3,-2.75],[-13.5,1],[-1,-7.75],[-4.75,-14.5],[-4.25,1.75],[-2.5,0]],"v":[[-18.174,-27.25],[-43.174,-4.25],[-56.424,10.75],[-60.424,11.5],[-41.174,15.75],[-24.424,-5.75],[-12.424,-21],[0.576,-5.75],[14.826,14.75],[36.076,12],[33.076,10.75],[19.326,-2.75],[17.326,-15.25],[-5.674,-26.75],[-11.924,-24.75]],"c":true}]},{"i":{"x":0.5,"y":1},"o":{"x":0.5,"y":0},"t":75,"s":[{"i":[[11.25,3],[1.5,-18],[0,0],[-3,-3.75],[-12.75,3],[-0.75,4.5],[-9.75,0],[-1.25,-4.75],[-10.25,-4.25],[-3,2.75],[0,0],[-0.25,0],[0,0],[4.25,-1.75],[2.5,0]],"o":[[-11.25,-3],[-1.5,18],[-2.25,-1.5],[3,3.75],[12.75,-3],[0.75,-4.5],[9.75,0],[1.25,4.75],[10.25,4.25],[3,-2.75],[-13.5,1],[-1,-7.75],[-4.75,-14.5],[-4.25,1.75],[-2.5,0]],"v":[[-18.174,-27.25],[-40.174,-4.25],[-45.424,12.25],[-49.424,13],[-30.174,17.25],[-21.424,-5.75],[-12.424,-21],[-4.174,-5.75],[4.576,17.25],[25.826,14.5],[22.826,13.25],[14.576,-2.75],[12.576,-15.25],[-5.674,-26.75],[-11.924,-24.75]],"c":true}]},{"i":{"x":0.5,"y":1},"o":{"x":0.5,"y":0},"t":100,"s":[{"i":[[11.25,3],[1.5,-18],[0,0],[-3,-3.75],[-12.75,3],[-0.75,4.5],[-9.75,0],[-1.25,-4.75],[-10.25,-4.25],[-3,2.75],[0,0],[-0.25,0],[0,0],[4.25,-1.75],[2.5,0]],"o":[[-11.25,-3],[-1.5,18],[-2.25,-1.5],[3,3.75],[12.75,-3],[0.75,-4.5],[9.75,0],[1.25,4.75],[10.25,4.25],[3,-2.75],[-13.5,1],[-1,-7.75],[-4.75,-14.5],[-4.25,1.75],[-2.5,0]],"v":[[-18.174,-27.25],[-43.174,-4.25],[-56.424,10.75],[-60.424,11.5],[-41.174,15.75],[-24.424,-5.75],[-12.424,-21],[0.576,-5.75],[14.826,14.75],[36.076,12],[33.076,10.75],[19.326,-2.75],[17.326,-15.25],[-5.674,-26.75],[-11.924,-24.75]],"c":true}]},{"i":{"x":0.5,"y":1},"o":{"x":0.5,"y":0},"t":125,"s":[{"i":[[11.25,3],[1.5,-18],[0,0],[-3,-3.75],[-12.75,3],[-0.75,4.5],[-9.75,0],[-1.25,-4.75],[-10.25,-4.25],[-3,2.75],[0,0],[-0.25,0],[0,0],[4.25,-1.75],[2.5,0]],"o":[[-11.25,-3],[-1.5,18],[-2.25,-1.5],[3,3.75],[12.75,-3],[0.75,-4.5],[9.75,0],[1.25,4.75],[10.25,4.25],[3,-2.75],[-13.5,1],[-1,-7.75],[-4.75,-14.5],[-4.25,1.75],[-2.5,0]],"v":[[-18.174,-27.25],[-40.174,-4.25],[-45.424,12.25],[-49.424,13],[-30.174,17.25],[-21.424,-5.75],[-12.424,-21],[-4.174,-5.75],[4.576,17.25],[25.826,14.5],[22.826,13.25],[14.576,-2.75],[12.576,-15.25],[-5.674,-26.75],[-11.924,-24.75]],"c":true}]},{"t":150,"s":[{"i":[[11.25,3],[1.5,-18],[0,0],[-3,-3.75],[-12.75,3],[-0.75,4.5],[-9.75,0],[-1.25,-4.75],[-10.25,-4.25],[-3,2.75],[0,0],[-0.25,0],[0,0],[4.25,-1.75],[2.5,0]],"o":[[-11.25,-3],[-1.5,18],[-2.25,-1.5],[3,3.75],[12.75,-3],[0.75,-4.5],[9.75,0],[1.25,4.75],[10.25,4.25],[3,-2.75],[-13.5,1],[-1,-7.75],[-4.75,-14.5],[-4.25,1.75],[-2.5,0]],"v":[[-18.174,-27.25],[-43.174,-4.25],[-56.424,10.75],[-60.424,11.5],[-41.174,15.75],[-24.424,-5.75],[-12.424,-21],[0.576,-5.75],[14.826,14.75],[36.076,12],[33.076,10.75],[19.326,-2.75],[17.326,-15.25],[-5.674,-26.75],[-11.924,-24.75]],"c":true}]}],"ix":2},"nm":"Path 1","mn":"ADBE Vector Shape - Group","hd":false},{"ty":"fl","c":{"a":0,"k":[0.399908095598,0.271012127399,0.112370878458,1],"ix":4},"o":{"a":0,"k":100,"ix":5},"r":1,"bm":0,"nm":"Fill 1","mn":"ADBE Vector Graphic - Fill","hd":false},{"ty":"tr","p":{"a":0,"k":[0,0],"ix":2},"a":{"a":0,"k":[0,0],"ix":1},"s":{"a":0,"k":[100,100],"ix":3},"r":{"a":0,"k":0,"ix":6},"o":{"a":0,"k":100,"ix":7},"sk":{"a":0,"k":0,"ix":4},"sa":{"a":0,"k":0,"ix":5},"nm":"Transform"}],"nm":"MUSTACHE","np":2,"cix":2,"bm":0,"ix":1,"mn":"ADBE Vector Group","hd":false},{"ty":"gr","it":[{"ty":"rc","d":1,"s":{"a":0,"k":[88.152,97.232],"ix":2},"p":{"a":0,"k":[0,0],"ix":3},"r":{"a":0,"k":108,"ix":4},"nm":"Rectangle Path 1","mn":"ADBE Vector Shape - Rect","hd":false},{"ty":"fl","c":{"a":0,"k":[0.949019610882,0.643137276173,0.266666680574,1],"ix":4},"o":{"a":0,"k":100,"ix":5},"r":1,"bm":0,"nm":"Fill 1","mn":"ADBE Vector Graphic - Fill","hd":false},{"ty":"tr","p":{"a":0,"k":[-7.924,-53.384],"ix":2},"a":{"a":0,"k":[0,0],"ix":1},"s":{"a":0,"k":[100,100],"ix":3},"r":{"a":0,"k":0,"ix":6},"o":{"a":0,"k":100,"ix":7},"sk":{"a":0,"k":0,"ix":4},"sa":{"a":0,"k":0,"ix":5},"nm":"Transform"}],"nm":"Rectangle 1","np":2,"cix":2,"bm":0,"ix":2,"mn":"ADBE Vector Group","hd":false}],"ip":0,"op":181,"st":0,"bm":0},{"ddd":0,"ind":4,"ty":0,"nm":"R_ARM","parent":6,"refId":"comp_0","sr":1,"ks":{"o":{"a":0,"k":100,"ix":11},"r":{"a":0,"k":0,"ix":10},"p":{"a":0,"k":[16.096,20.508,0],"ix":2},"a":{"a":0,"k":[540,540,0],"ix":1},"s":{"a":0,"k":[-86.378,86.378,100],"ix":6}},"ao":0,"w":1080,"h":1080,"ip":0,"op":181,"st":0,"bm":0},{"ddd":0,"ind":5,"ty":0,"nm":"L_ARM","parent":6,"refId":"comp_0","sr":1,"ks":{"o":{"a":0,"k":100,"ix":11},"r":{"a":0,"k":0,"ix":10},"p":{"a":0,"k":[16.096,20.508,0],"ix":2},"a":{"a":0,"k":[540,540,0],"ix":1},"s":{"a":0,"k":[86.378,86.378,100],"ix":6}},"ao":0,"w":1080,"h":1080,"ip":0,"op":181,"st":0,"bm":0},{"ddd":0,"ind":6,"ty":4,"nm":"CORE","sr":1,"ks":{"o":{"a":0,"k":100,"ix":11},"r":{"a":0,"k":0,"ix":10},"p":{"a":1,"k":[{"i":{"x":0.5,"y":1},"o":{"x":0.5,"y":0},"t":0,"s":[540,448.618,0],"to":[0,0,0],"ti":[0,0,0]},{"i":{"x":0.5,"y":1},"o":{"x":0.5,"y":0},"t":25,"s":[540,486.118,0],"to":[0,0,0],"ti":[0,0,0]},{"i":{"x":0.5,"y":1},"o":{"x":0.5,"y":0},"t":50,"s":[540,448.618,0],"to":[0,0,0],"ti":[0,0,0]},{"i":{"x":0.5,"y":1},"o":{"x":0.5,"y":0},"t":75,"s":[540,486.118,0],"to":[0,0,0],"ti":[0,0,0]},{"i":{"x":0.5,"y":1},"o":{"x":0.5,"y":0},"t":100,"s":[540,448.618,0],"to":[0,0,0],"ti":[0,0,0]},{"i":{"x":0.5,"y":1},"o":{"x":0.5,"y":0},"t":125,"s":[540,486.118,0],"to":[0,0,0],"ti":[0,0,0]},{"t":150,"s":[540,448.618,0]}],"ix":2},"a":{"a":0,"k":[16.096,36.412,0],"ix":1},"s":{"a":0,"k":[173.655,173.655,100],"ix":6}},"ao":0,"shapes":[{"ty":"gr","it":[{"ty":"rc","d":1,"s":{"a":0,"k":[140.103,5.572],"ix":2},"p":{"a":0,"k":[0,0],"ix":3},"r":{"a":0,"k":0,"ix":4},"nm":"Rectangle Path 1","mn":"ADBE Vector Shape - Rect","hd":false},{"ty":"fl","c":{"a":0,"k":[0.687580287457,0.712176382542,0.540003597736,1],"ix":4},"o":{"a":0,"k":100,"ix":5},"r":1,"bm":0,"nm":"Fill 1","mn":"ADBE Vector Graphic - Fill","hd":false},{"ty":"tr","p":{"a":0,"k":[16.181,7.14],"ix":2},"a":{"a":0,"k":[0,0],"ix":1},"s":{"a":0,"k":[100,100],"ix":3},"r":{"a":0,"k":0,"ix":6},"o":{"a":0,"k":100,"ix":7},"sk":{"a":0,"k":0,"ix":4},"sa":{"a":0,"k":0,"ix":5},"nm":"Transform"}],"nm":"Rectangle 4","np":2,"cix":2,"bm":0,"ix":1,"mn":"ADBE Vector Group","hd":false},{"ty":"gr","it":[{"ty":"rc","d":1,"s":{"a":0,"k":[140.012,7.374],"ix":2},"p":{"a":0,"k":[0,0],"ix":3},"r":{"a":0,"k":0,"ix":4},"nm":"Rectangle Path 1","mn":"ADBE Vector Shape - Rect","hd":false},{"ty":"fl","c":{"a":0,"k":[0.714688539505,0.775490224361,0.357808917761,1],"ix":4},"o":{"a":0,"k":100,"ix":5},"r":1,"bm":0,"nm":"Fill 1","mn":"ADBE Vector Graphic - Fill","hd":false},{"ty":"tr","p":{"a":0,"k":[16.136,36.796],"ix":2},"a":{"a":0,"k":[0,0],"ix":1},"s":{"a":0,"k":[100,100],"ix":3},"r":{"a":0,"k":0,"ix":6},"o":{"a":0,"k":100,"ix":7},"sk":{"a":0,"k":0,"ix":4},"sa":{"a":0,"k":0,"ix":5},"nm":"Transform"}],"nm":"Rectangle 3","np":2,"cix":2,"bm":0,"ix":2,"mn":"ADBE Vector Group","hd":false},{"ty":"gr","it":[{"ty":"rc","d":1,"s":{"a":0,"k":[139.794,14.727],"ix":2},"p":{"a":0,"k":[0,0],"ix":3},"r":{"a":0,"k":0,"ix":4},"nm":"Rectangle Path 1","mn":"ADBE Vector Shape - Rect","hd":false},{"ty":"fl","c":{"a":0,"k":[0.029427748173,0.564031839371,0.41198849678,1],"ix":4},"o":{"a":0,"k":100,"ix":5},"r":1,"bm":0,"nm":"Fill 1","mn":"ADBE Vector Graphic - Fill","hd":false},{"ty":"tr","p":{"a":0,"k":[16.027,22.706],"ix":2},"a":{"a":0,"k":[0,0],"ix":1},"s":{"a":0,"k":[100,100],"ix":3},"r":{"a":0,"k":0,"ix":6},"o":{"a":0,"k":100,"ix":7},"sk":{"a":0,"k":0,"ix":4},"sa":{"a":0,"k":0,"ix":5},"nm":"Transform"}],"nm":"Rectangle 2","np":2,"cix":2,"bm":0,"ix":3,"mn":"ADBE Vector Group","hd":false},{"ty":"gr","it":[{"ty":"rc","d":1,"s":{"a":0,"k":[140.192,106.824],"ix":2},"p":{"a":0,"k":[0,0],"ix":3},"r":{"a":0,"k":39,"ix":4},"nm":"Rectangle Path 1","mn":"ADBE Vector Shape - Rect","hd":false},{"ty":"fl","c":{"a":0,"k":[0.850980401039,0.211764708161,0.211764708161,1],"ix":4},"o":{"a":0,"k":100,"ix":5},"r":1,"bm":0,"nm":"Fill 1","mn":"ADBE Vector Graphic - Fill","hd":false},{"ty":"tr","p":{"a":0,"k":[16.096,21.412],"ix":2},"a":{"a":0,"k":[0,0],"ix":1},"s":{"a":0,"k":[100,100],"ix":3},"r":{"a":0,"k":0,"ix":6},"o":{"a":0,"k":100,"ix":7},"sk":{"a":0,"k":0,"ix":4},"sa":{"a":0,"k":0,"ix":5},"nm":"Transform"}],"nm":"Rectangle 1","np":2,"cix":2,"bm":0,"ix":4,"mn":"ADBE Vector Group","hd":false}],"ip":0,"op":181,"st":0,"bm":0},{"ddd":0,"ind":7,"ty":4,"nm":"STRAP","sr":1,"ks":{"o":{"a":0,"k":100,"ix":11},"r":{"a":0,"k":0,"ix":10},"p":{"a":0,"k":[538.683,650.226,0],"ix":2},"a":{"a":0,"k":[-0.878,152.817,0],"ix":1},"s":{"a":0,"k":[150,150,100],"ix":6}},"ao":0,"shapes":[{"ty":"gr","it":[{"ind":0,"ty":"sh","ix":1,"ks":{"a":1,"k":[{"i":{"x":0.833,"y":0.833},"o":{"x":0.6,"y":0},"t":0,"s":[{"i":[[0,0],[-112,10],[59,-128]],"o":[[0,0],[112,-10],[-59,128]],"v":[[-34,235],[-22,72],[36,234]],"c":false}]},{"i":{"x":0.833,"y":0.833},"o":{"x":0.167,"y":0.167},"t":17,"s":[{"i":[[0,0],[-92.684,0.802],[39.08,-103.443]],"o":[[0,0],[112.41,-0.802],[-49.798,131.812]],"v":[[-33.08,218.443],[-22.92,93.156],[36.92,217.443]],"c":false}]},{"i":{"x":0.2,"y":1},"o":{"x":0.167,"y":0.167},"t":21,"s":[{"i":[[0,0],[-91.26,0.124],[40.346,-108.889]],"o":[[0,0],[112.44,-0.124],[-48.966,132.156]],"v":[[-33.012,217.222],[-22.988,94.716],[36.988,216.223]],"c":false}]},{"i":{"x":0.2,"y":1},"o":{"x":0.6,"y":0},"t":25,"s":[{"i":[[0,0],[-91,0],[41.667,-106]],"o":[[0,0],[112.446,0],[-51.562,131.173]],"v":[[-33,217],[-23,95],[37,216]],"c":false}]},{"i":{"x":0.833,"y":0.833},"o":{"x":0.6,"y":0},"t":50,"s":[{"i":[[0,0],[-112,10],[59,-128]],"o":[[0,0],[112,-10],[-59,128]],"v":[[-34,235],[-22,72],[36,234]],"c":false}]},{"i":{"x":0.2,"y":1},"o":{"x":0.167,"y":0.167},"t":57,"s":[{"i":[[0,0],[-101.931,7.583],[50.542,-127.597]],"o":[[0,0],[117.806,-14.069],[-51.51,130.831]],"v":[[-10.393,241.258],[-21.806,82.069],[39.625,233.597]],"c":false}]},{"i":{"x":0.2,"y":1},"o":{"x":0.6,"y":0},"t":63,"s":[{"i":[[0,0],[-99,6.88],[48.08,-127.48]],"o":[[0,0],[112.17,-7.486],[-49.329,131.655]],"v":[[-3.52,243.08],[-23.04,85],[40.68,233.48]],"c":false}]},{"i":{"x":0.2,"y":1},"o":{"x":0.6,"y":0},"t":68,"s":[{"i":[[0,0],[-94,5.68],[43.88,-127.28]],"o":[[0,0],[112.235,-6.518],[-45.61,133.06]],"v":[[6.78,238.38],[-23.44,90],[42.48,233.28]],"c":false}]},{"i":{"x":0.2,"y":1},"o":{"x":0.6,"y":0},"t":72,"s":[{"i":[[0,0],[-90,4.72],[40.52,-127.12]],"o":[[0,0],[112.288,-5.745],[-42.634,134.185]],"v":[[3.191,235.734],[-23.76,94],[43.92,233.12]],"c":false}]},{"i":{"x":0.2,"y":1},"o":{"x":0.6,"y":0},"t":75,"s":[{"i":[[0,0],[-87,4],[38,-127]],"o":[[0,0],[112.327,-5.164],[-40.402,135.028]],"v":[[-10,239],[-24,97],[45,233]],"c":false}]},{"i":{"x":0.2,"y":1},"o":{"x":0.6,"y":0},"t":81,"s":[{"i":[[0,0],[-93,5.44],[147.16,-117.24]],"o":[[0,0],[112.248,-6.325],[-44.866,133.342]],"v":[[-58.76,226.04],[-23.52,91],[-31.16,231.24]],"c":false}]},{"i":{"x":0.2,"y":1},"o":{"x":0.6,"y":0},"t":86,"s":[{"i":[[0,0],[-112.709,1.604],[161.486,-114.512]],"o":[[0,0],[112.183,-7.292],[-48.585,131.936]],"v":[[-58.699,226.852],[-23.12,86],[-34.486,233.512]],"c":false}]},{"i":{"x":0.2,"y":1},"o":{"x":0.6,"y":0},"t":92,"s":[{"i":[[0,0],[-136.36,-3],[73.278,-139.838]],"o":[[0,0],[112.105,-8.453],[-53.049,130.249]],"v":[[-12.425,254.227],[-22.64,80],[40.722,242.838]],"c":false}]},{"i":{"x":0.833,"y":0.833},"o":{"x":0.6,"y":0},"t":96,"s":[{"i":[[0,0],[-124.18,3.5],[66.139,-133.919]],"o":[[0,0],[112.052,-9.226],[-56.024,129.125]],"v":[[-6.213,247.614],[-22.32,76],[38.361,238.419]],"c":false}]},{"i":{"x":0.2,"y":1},"o":{"x":0.167,"y":0.167},"t":98,"s":[{"i":[[0,0],[-147.239,11.485],[61.108,-129.748]],"o":[[0,0],[112.015,-9.772],[-58.121,128.332]],"v":[[-8.461,250.725],[-22.094,73.181],[36.697,235.305]],"c":false}]},{"i":{"x":0.2,"y":1},"o":{"x":0.6,"y":0},"t":100,"s":[{"i":[[0,0],[-112,10],[59,-128]],"o":[[0,0],[112,-10],[-59,128]],"v":[[-34,235],[-22,72],[36,234]],"c":false}]},{"i":{"x":0.2,"y":1},"o":{"x":0.6,"y":0},"t":103,"s":[{"i":[[0,0],[-109,9.28],[88,-134]],"o":[[0,0],[112.039,-9.42],[-77.286,117.686]],"v":[[-34,235],[-22.24,75],[20,240]],"c":false}]},{"i":{"x":0.2,"y":1},"o":{"x":0.6,"y":0},"t":125,"s":[{"i":[[0,0],[-87,4],[38,-127]],"o":[[0,0],[112.327,-5.164],[-40.402,135.029]],"v":[[-34,217.667],[-24,97],[36,216.667]],"c":false}]},{"t":150,"s":[{"i":[[0,0],[-112,10],[59,-128]],"o":[[0,0],[112,-10],[-59,128]],"v":[[-34,235],[-22,72],[36,234]],"c":false}]}],"ix":2},"nm":"Path 1","mn":"ADBE Vector Shape - Group","hd":false},{"ty":"st","c":{"a":0,"k":[0.549019634724,0.541176497936,0.501960813999,1],"ix":3},"o":{"a":0,"k":100,"ix":4},"w":{"a":0,"k":6,"ix":5},"lc":2,"lj":1,"ml":4,"bm":0,"nm":"Stroke 1","mn":"ADBE Vector Graphic - Stroke","hd":false},{"ty":"tr","p":{"a":0,"k":[0,0],"ix":2},"a":{"a":0,"k":[0,0],"ix":1},"s":{"a":0,"k":[100,100],"ix":3},"r":{"a":0,"k":0,"ix":6},"o":{"a":0,"k":100,"ix":7},"sk":{"a":0,"k":0,"ix":4},"sa":{"a":0,"k":0,"ix":5},"nm":"Transform"}],"nm":"Shape 1","np":2,"cix":2,"bm":0,"ix":1,"mn":"ADBE Vector Group","hd":false}],"ip":0,"op":181,"st":0,"bm":0},{"ddd":0,"ind":8,"ty":4,"nm":"BODY","sr":1,"ks":{"o":{"a":0,"k":100,"ix":11},"r":{"a":0,"k":0,"ix":10},"p":{"a":1,"k":[{"i":{"x":0.2,"y":1},"o":{"x":0.6,"y":0},"t":0,"s":[538.425,756.119,0],"to":[0,0,0],"ti":[0,0,0]},{"i":{"x":0.2,"y":1},"o":{"x":0.6,"y":0},"t":25,"s":[538.425,770.219,0],"to":[0,0,0],"ti":[0,0,0]},{"i":{"x":0.2,"y":1},"o":{"x":0.6,"y":0},"t":50,"s":[538.425,756.119,0],"to":[0,0,0],"ti":[0,0,0]},{"i":{"x":0.2,"y":1},"o":{"x":0.6,"y":0},"t":75,"s":[538.425,770.219,0],"to":[0,0,0],"ti":[0,0,0]},{"i":{"x":0.2,"y":1},"o":{"x":0.6,"y":0},"t":100,"s":[538.425,756.119,0],"to":[0,0,0],"ti":[0,0,0]},{"i":{"x":0.2,"y":1},"o":{"x":0.6,"y":0},"t":125,"s":[538.425,770.219,0],"to":[0,0,0],"ti":[0,0,0]},{"t":150,"s":[538.425,756.119,0]}],"ix":2},"a":{"a":0,"k":[27.092,253.413,0],"ix":1},"s":{"a":0,"k":[134,196.947,100],"ix":6}},"ao":0,"shapes":[{"ty":"gr","it":[{"d":1,"ty":"el","s":{"a":0,"k":[218.184,242.825],"ix":2},"p":{"a":0,"k":[0,0],"ix":3},"nm":"Ellipse Path 1","mn":"ADBE Vector Shape - Ellipse","hd":false},{"ty":"fl","c":{"a":0,"k":[0.485891550779,0.47895026207,0.444243699312,1],"ix":4},"o":{"a":0,"k":100,"ix":5},"r":1,"bm":0,"nm":"Fill 1","mn":"ADBE Vector Graphic - Fill","hd":false},{"ty":"tr","p":{"a":0,"k":[28.071,218.157],"ix":2},"a":{"a":0,"k":[0,0],"ix":1},"s":{"a":0,"k":[100,76.593],"ix":3},"r":{"a":0,"k":0,"ix":6},"o":{"a":0,"k":100,"ix":7},"sk":{"a":0,"k":0,"ix":4},"sa":{"a":0,"k":0,"ix":5},"nm":"Transform"}],"nm":"CORE","np":2,"cix":2,"bm":0,"ix":1,"mn":"ADBE Vector Group","hd":false}],"ip":0,"op":181,"st":0,"bm":0},{"ddd":0,"ind":9,"ty":0,"nm":"L-LEG","refId":"comp_1","sr":1,"ks":{"o":{"a":0,"k":100,"ix":11},"r":{"a":0,"k":0,"ix":10},"p":{"a":0,"k":[550.5,421,0],"ix":2},"a":{"a":0,"k":[540,540,0],"ix":1},"s":{"a":0,"k":[-150,150,100],"ix":6}},"ao":0,"w":1080,"h":1080,"ip":0,"op":181,"st":0,"bm":0},{"ddd":0,"ind":10,"ty":0,"nm":"R-LEG","refId":"comp_1","sr":1,"ks":{"o":{"a":0,"k":100,"ix":11},"r":{"a":0,"k":0,"ix":10},"p":{"a":0,"k":[526.5,421,0],"ix":2},"a":{"a":0,"k":[540,540,0],"ix":1},"s":{"a":0,"k":[150,150,100],"ix":6}},"ao":0,"w":1080,"h":1080,"ip":0,"op":181,"st":0,"bm":0},{"ddd":0,"ind":11,"ty":4,"nm":"L-LEG","sr":1,"ks":{"o":{"a":0,"k":100,"ix":11},"r":{"a":1,"k":[{"i":{"x":[0.2],"y":[1]},"o":{"x":[0.6],"y":[0]},"t":0,"s":[-5]},{"i":{"x":[0.2],"y":[1]},"o":{"x":[0.6],"y":[0]},"t":25,"s":[0]},{"i":{"x":[0.2],"y":[1]},"o":{"x":[0.6],"y":[0]},"t":50,"s":[-5]},{"i":{"x":[0.2],"y":[1]},"o":{"x":[0.6],"y":[0]},"t":75,"s":[0]},{"i":{"x":[0.2],"y":[1]},"o":{"x":[0.6],"y":[0]},"t":100,"s":[-5]},{"i":{"x":[0.2],"y":[1]},"o":{"x":[0.6],"y":[0]},"t":125,"s":[0]},{"t":150,"s":[-5]}],"ix":10},"p":{"a":1,"k":[{"i":{"x":0.2,"y":1},"o":{"x":0.6,"y":0},"t":0,"s":[464.65,770.75,0],"to":[0,0,0],"ti":[0,0,0]},{"i":{"x":0.2,"y":1},"o":{"x":0.6,"y":0},"t":25,"s":[464.65,739.25,0],"to":[0,0,0],"ti":[0,0,0]},{"i":{"x":0.2,"y":1},"o":{"x":0.6,"y":0},"t":50,"s":[464.65,770.75,0],"to":[0,0,0],"ti":[0,0,0]},{"i":{"x":0.2,"y":1},"o":{"x":0.6,"y":0},"t":75,"s":[464.65,739.25,0],"to":[0,0,0],"ti":[0,0,0]},{"i":{"x":0.2,"y":1},"o":{"x":0.6,"y":0},"t":100,"s":[464.65,770.75,0],"to":[0,0,0],"ti":[0,0,0]},{"i":{"x":0.2,"y":1},"o":{"x":0.6,"y":0},"t":125,"s":[464.65,739.25,0],"to":[0,0,0],"ti":[0,0,0]},{"t":150,"s":[464.65,770.75,0]}],"ix":2},"a":{"a":0,"k":[51.767,258.167,0],"ix":1},"s":{"a":0,"k":[-150,150,100],"ix":6}},"ao":0,"shapes":[{"ty":"gr","it":[{"ind":0,"ty":"sh","ix":1,"ks":{"a":0,"k":{"i":[[0,0],[0,-29],[0,0],[-13,0],[0,0],[-5,19]],"o":[[0,0],[0,29],[0,0],[0,1],[0,0],[1,0]],"v":[[68,256],[18,283],[18,332],[28,348],[40,348],[52,331]],"c":true},"ix":2},"nm":"Path 1","mn":"ADBE Vector Shape - Group","hd":false},{"ty":"fl","c":{"a":0,"k":[0.338904500008,0.370119392872,0.39687499404,1],"ix":4},"o":{"a":0,"k":100,"ix":5},"r":1,"bm":0,"nm":"Fill 1","mn":"ADBE Vector Graphic - Fill","hd":false},{"ty":"tr","p":{"a":0,"k":[48.201,277.788],"ix":2},"a":{"a":0,"k":[40.972,273.49],"ix":1},"s":{"a":0,"k":[114.568,129.704],"ix":3},"r":{"a":0,"k":0,"ix":6},"o":{"a":0,"k":100,"ix":7},"sk":{"a":0,"k":0,"ix":4},"sa":{"a":0,"k":0,"ix":5},"nm":"Transform"}],"nm":"L-LEG","np":2,"cix":2,"bm":0,"ix":1,"mn":"ADBE Vector Group","hd":false}],"ip":0,"op":181,"st":0,"bm":0},{"ddd":0,"ind":12,"ty":4,"nm":"R-LEG","sr":1,"ks":{"o":{"a":0,"k":100,"ix":11},"r":{"a":1,"k":[{"i":{"x":[0.2],"y":[1]},"o":{"x":[0.6],"y":[0]},"t":0,"s":[0]},{"i":{"x":[0.2],"y":[1]},"o":{"x":[0.6],"y":[0]},"t":25,"s":[5]},{"i":{"x":[0.2],"y":[1]},"o":{"x":[0.6],"y":[0]},"t":50,"s":[0]},{"i":{"x":[0.2],"y":[1]},"o":{"x":[0.6],"y":[0]},"t":75,"s":[5]},{"i":{"x":[0.2],"y":[1]},"o":{"x":[0.6],"y":[0]},"t":100,"s":[0]},{"i":{"x":[0.2],"y":[1]},"o":{"x":[0.6],"y":[0]},"t":125,"s":[5]},{"t":150,"s":[0]}],"ix":10},"p":{"a":1,"k":[{"i":{"x":0.2,"y":1},"o":{"x":0.6,"y":0},"t":0,"s":[614.65,739.25,0],"to":[0,0,0],"ti":[0,0,0]},{"i":{"x":0.2,"y":1},"o":{"x":0.6,"y":0},"t":25,"s":[614.65,772.25,0],"to":[0,0,0],"ti":[0,0,0]},{"i":{"x":0.2,"y":1},"o":{"x":0.6,"y":0},"t":50,"s":[614.65,739.25,0],"to":[0,0,0],"ti":[0,0,0]},{"i":{"x":0.2,"y":1},"o":{"x":0.6,"y":0},"t":75,"s":[614.65,772.25,0],"to":[0,0,0],"ti":[0,0,0]},{"i":{"x":0.2,"y":1},"o":{"x":0.6,"y":0},"t":100,"s":[614.65,739.25,0],"to":[0,0,0],"ti":[0,0,0]},{"i":{"x":0.2,"y":1},"o":{"x":0.6,"y":0},"t":125,"s":[614.65,772.25,0],"to":[0,0,0],"ti":[0,0,0]},{"t":150,"s":[614.65,739.25,0]}],"ix":2},"a":{"a":0,"k":[51.767,258.167,0],"ix":1},"s":{"a":0,"k":[150,150,100],"ix":6}},"ao":0,"shapes":[{"ty":"gr","it":[{"ind":0,"ty":"sh","ix":1,"ks":{"a":0,"k":{"i":[[0,0],[0,-29],[0,0],[-13,0],[0,0],[-5,19]],"o":[[0,0],[0,29],[0,0],[0,1],[0,0],[1,0]],"v":[[68,256],[18,283],[18,332],[28,348],[40,348],[52,331]],"c":true},"ix":2},"nm":"Path 1","mn":"ADBE Vector Shape - Group","hd":false},{"ty":"fl","c":{"a":0,"k":[0.337254911661,0.368627458811,0.396078437567,1],"ix":4},"o":{"a":0,"k":100,"ix":5},"r":1,"bm":0,"nm":"Fill 1","mn":"ADBE Vector Graphic - Fill","hd":false},{"ty":"tr","p":{"a":0,"k":[48.201,277.788],"ix":2},"a":{"a":0,"k":[40.972,273.49],"ix":1},"s":{"a":0,"k":[114.568,129.704],"ix":3},"r":{"a":0,"k":0,"ix":6},"o":{"a":0,"k":100,"ix":7},"sk":{"a":0,"k":0,"ix":4},"sa":{"a":0,"k":0,"ix":5},"nm":"Transform"}],"nm":"R-LEG","np":2,"cix":2,"bm":0,"ix":1,"mn":"ADBE Vector Group","hd":false}],"ip":0,"op":181,"st":0,"bm":0},{"ddd":0,"ind":13,"ty":4,"nm":"SHADOW","sr":1,"ks":{"o":{"a":0,"k":9,"ix":11},"r":{"a":0,"k":0,"ix":10},"p":{"a":0,"k":[540,915.25,0],"ix":2},"a":{"a":0,"k":[-19.438,329.5,0],"ix":1},"s":{"a":1,"k":[{"i":{"x":[0.2,0.2,0.2],"y":[1,1,1]},"o":{"x":[0.6,0.6,0.6],"y":[0,0,0]},"t":0,"s":[131.42,159,100]},{"i":{"x":[0.2,0.2,0.2],"y":[1,1,1]},"o":{"x":[0.6,0.6,0.6],"y":[0,0,0]},"t":25,"s":[116,151.122,100]},{"i":{"x":[0.2,0.2,0.2],"y":[1,1,1]},"o":{"x":[0.6,0.6,0.6],"y":[0,0,0]},"t":50,"s":[131.42,159,100]},{"i":{"x":[0.2,0.2,0.2],"y":[1,1,1]},"o":{"x":[0.6,0.6,0.6],"y":[0,0,0]},"t":75,"s":[116,151.122,100]},{"i":{"x":[0.2,0.2,0.2],"y":[1,1,1]},"o":{"x":[0.6,0.6,0.6],"y":[0,0,0]},"t":100,"s":[131.42,159,100]},{"i":{"x":[0.2,0.2,0.2],"y":[1,1,1]},"o":{"x":[0.6,0.6,0.6],"y":[0,0,0]},"t":125,"s":[116,151.122,100]},{"t":150,"s":[131.42,159,100]}],"ix":6}},"ao":0,"shapes":[{"ty":"gr","it":[{"d":1,"ty":"el","s":{"a":0,"k":[350.875,63],"ix":2},"p":{"a":0,"k":[0,0],"ix":3},"nm":"Ellipse Path 1","mn":"ADBE Vector Shape - Ellipse","hd":false},{"ty":"fl","c":{"a":0,"k":[0.296185672283,0.292599916458,0.28818666935,1],"ix":4},"o":{"a":0,"k":100,"ix":5},"r":1,"bm":0,"nm":"Fill 1","mn":"ADBE Vector Graphic - Fill","hd":false},{"ty":"tr","p":{"a":0,"k":[-19.438,329.5],"ix":2},"a":{"a":0,"k":[0,0],"ix":1},"s":{"a":0,"k":[100,100],"ix":3},"r":{"a":0,"k":0,"ix":6},"o":{"a":0,"k":100,"ix":7},"sk":{"a":0,"k":0,"ix":4},"sa":{"a":0,"k":0,"ix":5},"nm":"Transform"}],"nm":"Ellipse 1","np":2,"cix":2,"bm":0,"ix":1,"mn":"ADBE Vector Group","hd":false}],"ip":0,"op":181,"st":0,"bm":0}],"markers":[]}